{
  "project_info": {
    "project_number": "94305796365",
    "firebase_url": "https://shopperron-407af.firebaseio.com",
    "project_id": "shopperron-407af",
    "storage_bucket": "shopperron-407af.appspot.com"
  },
  "client": [
    {
      "client_info": {
        "mobilesdk_app_id": "1:94305796365:android:52c0eb004c3e8239",
        "android_client_info": {
          "package_name": "com.example.ron"
        }
      },
      "oauth_client": [
        {
          "client_id": "94305796365-eqgm1qf32hfek9too4ladkgarj8q8i84.apps.googleusercontent.com",
          "client_type": 1,
          "android_info": {
            "package_name": "com.example.ron",
            "certificate_hash": "0fcca40c708e9dc9e58182f8150f284eb638a400"
          }
        },
        {
          "client_id": "94305796365-ep5uung35k7av3cpscupf670uagf5o4a.apps.googleusercontent.com",
          "client_type": 3
        }
      ],
      "api_key": [
        {
          "current_key": "AIzaSyBfG-QXEQVwpovfF3z61Ufaxt2B8ItJlos"
        }
      ],
      "services": {
        "analytics_service": {
          "status": 1
        },
        "appinvite_service": {
          "status": 2,
          "other_platform_oauth_client": [
            {
              "client_id": "94305796365-ep5uung35k7av3cpscupf670uagf5o4a.apps.googleusercontent.com",
              "client_type": 3
            }
          ]
        },
        "ads_service": {
          "status": 2
        }
      }
    }
  ],
  "configuration_version": "1"
}